dataset,ratio,n_samples,method,method_type,alpha,in_degree,out_degree,wcc,scc,hop_plot,hop_plot_wcc,singular_vec,singular_val,clustering,AVG
astro-ph,0.15,2815,RN,baseline,,0.3837385681309012,0.3837385681309012,0.8430222825435716,0.8430222825435716,0.7857142857142857,0.7857142857142857,0.4028491535394602,1.0,0.5134224258772214,0.6601357613549109
astro-ph,0.15,2815,RW,baseline,,0.2172659240668963,0.2172659240668963,0.996551724137931,0.996551724137931,0.7857142857142857,0.7857142857142857,0.3992715931680619,0.82,0.1998942594547363,0.6020255244956694
astro-ph,0.15,2815,FF,baseline,,0.2536187955885067,0.2536187955885067,0.996551724137931,0.996551724137931,0.7857142857142857,0.7857142857142857,0.43055159940538523,0.7733333333333334,0.21860355489582572,0.6104731220573324
astro-ph,0.15,2815,HYB-RN-RW(α=0.5),hybrid,0.5,0.13742523480781466,0.13742523480781466,0.8609018545935992,0.8609018545935992,0.7857142857142857,0.7857142857142857,0.14848594779244298,0.9666666666666667,0.20522911376643116,0.5431627198285489
astro-ph,0.15,2815,HYB-RPN-FF(α=0.5),hybrid,0.5,0.07995404449591641,0.07995404449591641,0.6612773192983088,0.6612773192983088,0.7857142857142857,0.7857142857142857,0.19742637870519272,0.94,0.17503927028363295,0.48515077200064965
