dataset,ratio,n_samples,method,method_type,alpha,in_degree,out_degree,wcc,scc,hop_plot,singular_vec,singular_val,clustering,AVG
astro-ph,0.15,2815,RN,baseline,,0.4331143610858785,0.4331143610858785,0.9489029331118249,0.9489029331118249,0.7857142857142857,0.4028491535394602,1.0,0.5134224258772214,0.6832525566907967
astro-ph,0.15,2815,RW,baseline,,0.247883935269721,0.247883935269721,0.996551724137931,0.996551724137931,0.7857142857142857,0.3992715931680619,0.82,0.1998942594547363,0.5867189321440485
astro-ph,0.15,2815,FF,baseline,,0.2817240740923046,0.2817240740923046,0.996551724137931,0.996551724137931,0.7857142857142857,0.43055159940538523,0.7733333333333334,0.21860355489582572,0.5955942962261626
astro-ph,0.15,2815,HYB-RN-RW(α=0.5),hybrid,0.5,0.1653863429128398,0.1653863429128398,0.866738943166299,0.866738943166299,0.7857142857142857,0.14848594779244298,0.9666666666666667,0.20522911376643116,0.5212933232622631
astro-ph,0.15,2815,HYB-RPN-FF(α=0.5),hybrid,0.5,0.10077595482798163,0.10077595482798163,0.6658615136876006,0.6658615136876006,0.7857142857142857,0.19742637870519272,0.94,0.17503927028363295,0.45393185896678445
