dataset,ratio,n_samples,method,method_type,alpha,in_degree,out_degree,wcc,scc,hop_plot,hop_plot_wcc,singular_vec,singular_val,clustering,AVG
cit-HepTh,0.15,4165,RN,baseline,,0.35915470421965495,0.519296641234576,0.8493703945959341,0.003677441265051947,0.9428571428571427,0.9428571428571427,0.36693313263368,1.0,0.47332847434976877,0.6063861193347724
cit-HepTh,0.15,4165,RW,baseline,,0.10105848228964402,0.12329398863849406,0.615906753934923,0.0014810376077244447,0.8952380952380952,0.9047619047619047,0.18818441312427023,0.9133333333333334,0.111125660202864,0.4282648521256948
cit-HepTh,0.15,4165,FF,baseline,,0.10013460204041354,0.17301607146948086,0.993006993006993,0.004360043872878916,0.8857142857142857,0.8857142857142857,0.40314629272666935,0.8133333333333334,0.11149609285557939,0.4855468889704356
cit-HepTh,0.15,4165,HYB-RN-RW(α=0.5),hybrid,0.5,0.143910350774504,0.1861952756931369,0.7749533412862575,0.0011295474659189786,0.9142857142857143,0.9142857142857143,0.16352747796994205,0.9533333333333333,0.15205114094611555,0.46707465511562635
cit-HepTh,0.15,4165,HYB-RPN-FF(α=0.5),hybrid,0.5,0.10314485699640712,0.11822520726843293,0.6733000006092377,0.0010286049394591101,0.8952380952380952,0.9047619047619048,0.19028066394004484,0.94,0.07263026204360029,0.4331788439774646
